bert,bert_scn,flan,flan_scn,gpt2,gpt2_scn
it is found only in portugal and the south of,"""",iberian chiffchaff,phylloscopus iberic,iberian chiffchaff,phylloscopus ibericus
this species is unknown,it is probably a large - sized green woodpe,iberian green woodpecker,picus sharpei,picus sharpei,picus sharpei
what?????????,"""",iceland gull,larus glaucoides,iceland gull,larus glaucoides
"to a small bird, a bulbul",and a tiny bulbulul bulbul bulbul,icterine greenbul,phyllastrephus icter,icterine greenbul,phyllastrephus icterinus
it is an uncommon old world warbler in the,,icterine warbler,hippolais icterina,icterine warbler,hippolais icterina
toheringi ),"this species, ( a new species of the family",ihering's antwren,myrmotherula iheringi,myrmotherula iheringi,myrmotherula erythrorhyn
endemic,"toitatori, a large african small game and",accipiter imitator,accipiter imitator,imitator goshawk or imitator,imitator sparrowhawk
this imperial amazonian giant giant parrot,endemic giant parrot,isserou,isserou,imperial amazon,imperial amazon
it,this,imperial shag,leucocarbo atriceps,imperial shag or imperial cormorant,leucocarbo atriceps
endemic species imperialis,endemic to peru,imperial snipe,gallinago imperialis,imperial snipe,gallinago imperialis
it is called the imperial woodpecker is a,this is a woodpecker,imperial woodpecker,campephilus imperialis,imperial woodpecker,campephilus imperialis
"endemic to the family thraupidae, subfamily",endemic to the emberizian islands,the inaccessible island finch,ospiza acunhae,nesospiza acunhae,nesospiza acunhae
endemic to australia,it is the same species,the inaccessible island rail,laterallus rogersi,laterallus rogersi,laterallus rogersi
totarae,endemic bakeri island,inambari gnatcatcher,polioptila attenboroughi,inambari gnatcatcher,polioptila attenboroughi
tolimae ) is a small to medium tree,be ( ( ( subfamily ) ) ( ( ),inambari woodcreeper,lepidocolaptes fatimalim,inambari woodcreeper,lepidocolaptes fatimalimae
itczanowskii ) is a small small,and a small ( a,the inca flycatcher,leptopogon taczanowskii,inca flycatcher,leptopogon taczanowskii
"it is a small ground - nesting bird, a",,querrequerre,cyanocorax yncas,inca jay or querrequerre,cyanocorax yncas
"this laridae, the gulls, gu",endemic,the inca tern,larosterna inca,larosterna inca,larosterna inca
,endemic to india,indian blackbird,turdus simillimus,indian blackbird,turdus simillimus
it is a small species of lark in the ala,and the alaudidae a small lark,indian bush lark,mirafra erythropter,indian bush lark,mirafra erythroptera
: † † longicollis † longicollis,it is a large cormorant,indian shag,phalacrocorax fuscicolli,indian cormorant,phalacrocorax fuscicoll
to the cuculiformes belonging to the,endemic,indian cuckoo,cuculus micropterus,indian cuckoo,cuculus micropterus
this bird is a small green,it is an uncommon bird,indian golden oriole,oriolus kundoo,indian golden oriole,indian golden oriole
and the bengal grassbird,endemic to india,indian grassbird,graminicola bengalensis,indian grassbird,graminicola bengalensis
,it is a nightjar,iatic nightjar,iatic nightjar,indian nightjar,caprimulgus asiaticus
and the indian nuthatch,it is not threatened,itta castanea,itta castanea,indian nuthatch,sitta castanea
this blue pea - tailed pea - tailed pea -,"""",indian peafowl,pavo cristatus,indian peafowl,pavo cristatus
"it is a small, aran - like bird","and a small, large robin",indian robin,copsychus fulicatus,indian robin,copsychus fulicatus
it resembles the indian roost,this chimaera,indian scops owl,otus bakkamoen,indian scops owl,otus bakkamoena
this species is the indian silverbill,: : : : : : : : : :,white-throated munia,euodice malabarica,indian silverbill or white-throated mun,euodice malabarica
endemic to the indian subcontinent,it is a small greencress treecress,alpornis spilonot,alpornis spilonot,indian spotted creeper,salpornis spilonota
it the indicus,this indicus is a rare endemic and an endangered,indian stone-curlew,burhinus indicus,indian stone-curlew,burhinus indicus
it the indian swift,endemic to india,indian edible-nest swiftlet,aerodramus unicolor,indian swiftlet or indian edible-n,indian swiftlet or indian edible-n
endemic to india,it is the same species,indian vulture,gyps indicus,indian vulture,indian vulture (gyps indicus)
endemic to nigeria,this species is unknown,indigo bunting,passerina cyanea,indigo bunting,passerina cyanea
endemic,endemic to cyanapeya ) is a rare,indigo-banded kingfish,ceyx cyanopectus,indigo-banded kingfisher,ceyx cyanopectus
endemic annam endemic and an endangered species,it is a bird of the family megalaiidae,annam barbet,psilopogon annamens,indochinese barbet,psilopogon annamensis
itpensis ) is a rare ( a small,and a small ( muscidae ( pic ),indochinese blue flycatcher,cyornis sumatrens,cyornis sumatrensis,indochinese blue flycatcher
andepe - crested lark,it a small small hill lark,indochinese bush lark,mirafra erythrocephal,indochinese bush lark,mirafra erythrocephala
"itptera, is a small asian endemic bird",endemic,indochinese cuckooshrike,lalage polioptera,cuckooshrike,lalage polioptera
to the green - headed - billed - billed -,endemic,yellow-breasted magpie,cissa hypoleuca,indochinese green magpie,cissa hypoleuca
"andrapsus,",endemic,coracias affinis,coracias affinis,indochinese roller,coracias affinis
it is disparta - like,whathina ) sc a bird ( phasian,taphida torqueola,taphida torqueola,yuhina,chestnut-collared yuhina
this was first described by australian naturalist eulogist william,to describe the species and the genus,inland thornbill,acanthiza apicalis,inland thornbill,acanthiza apicalis
"""","on - e - ray,",intermediate egret,ardea intermedia,median egret,ardea intermedia
endemic,island,ua huka flycatcher,pomarea iphis,ua huka flycatcher,pomarea iphis
it is sylvia clementsi,"endemiccati, is a bird in the family",iquitos gnatcatcher,polioptila clementsi,iquitos gnatcatcher,polioptila clementsi
and is a species of the genus ofothrich,this leio - elassid - like aquatic,iraq babbler,argya altirostris,argya altirostris,argya altirostris
endemic to nigeria,and the igbo - nigerian endemic bird in,sheppardia lowei,sheppardia lowei,iringa akalat,sheppardia lowei
"endemic to madagascar, is a small forest - dwelling",and an endangered tree - nesting - bird,ittiparus olivaceus,ittiparus olivaceus,iriomote tit,sittiparus olivaceus
endemic,endemic,iris lorikeet,saudareos iris,iris lorikeet,saudareos iris
this species is a member of the isabellae subfamily,it is an endemic bird,abela oriole,abela oriole,isabela oriole,isabellae
and isabellinus ) is a small forest -,endemic to the woodcock ( lanius ( latin,abelline shrike,abelline shrike,isabelline shrike,lanius isabellinus
endemic to africa,this species is a treecatcher,abelline wheatear,abelline wheatear,isabelline wheatear,oenanthe isabellina
endemic,endemic,l island bronze-naped pige,island bronze-naped pigeon,island bronze-naped pigeon,columba malherbii
on the island comoros,endemic comoros,island imperial pigeon,island imperial pigeon,imperial pigeon,ducula pistrinaria
endemic and an uncommon leaf - eating bird,it is a small bird,island leaf warbler,island leaf warbler,leaf warbler,phylloscopus poliocephalus
it is tawny,this species is an uncommon and endangered species,island scrub jay,aphelocoma ins,island scrub jay,aphelocoma insularis
"it is a rare small bird, probably from the",on the island of sulawesi,island whistler,island whistler,island whistler,pachycephala phaionota
endemic,"on the island of saloum, a rare endemic",let kingfisher,let kingfisher,islet kingfisher,todiramphus colonus
endemic,endemic the british isthmian,thmian wren,thmian wren,isthmian wren,cantorchilus elutus
: the small sparrow,"this small sparrow, a small in the southern ru",cisalpine sparrow,the italian sparrow (passer italiae,italian sparrow,passer italiae
endemic,island,the itatiaia spinetail,thenes moreirae,itatiaia spinetail,itatiaia thistletail
endemic to the old world groundcatcher and the,endemic to the mus - -,muscicapa itombwensis,muscicapa itombwensis,itombwe flycatcher,muscicapa itombwensis
endemic to the bursidae family picidae,least concern,ituri batis,ituri batis,ituri batis,chapin's batis
endemic,island,the ivory gull,pagophila eburnea,ivory gull,pagophila eburnea
endemic to nigeria,it is probably the same species is a rare african,ivory-backed woodswallow,artamus monachus,ivory-backed woodswallow,artamus monachus
it is menbeki,"endemickowskii, a large african cuckoo",the ivory-billed coucal,centropus menbeki,centropus menbeki,centropus menbeki
endemic to the eurasia,"and aedes, the loricae, the",ivory-billed woodcreeper,xiphorhynchus flavig,ivory-billed woodcreeper,xiphorhynchus flavigaster
and the african crested pitta,: the african crested is a species of bird in,the ivory-breasted pitta,pita maxima,pitta maxima,pitta maxima
,endemic turdus celaenops,izu thrush,turdus celaenops,izu thrush,turdus celaenops
it is an endangered and vulnerable species of the deer,endemic and the family of the deerrid,gabar goshawk,micronisus gabar,gabar goshawk,micronisus gabar
endemic to nigeria,it is an endemic to nigeria,sheppardia gabela,sheppardia gabela,gabela akalat,sheppardia gabela
endemic to the small island,endemic to the island,gabela helmetshrike,prionops gabela,gabela helmetshrike,prionops gabela
and the gabon coucal,endemic,gabon coucal,centropus anselli,gabon coucal,centropus anselli
to a small woodpecker,thispecker a small picid - like wood,gabon woodpecker,dendropicos gabonensis,gabon woodpecker,dendropicos gabonensis
it is a large and small native african,endemic african wood duck,gadwall,mareca strepera,gadwall,mareca strepera
it is the only known species within the genus,: the description of and the eolophus gal,the pink and grey cockatoo,eolophus roseicapilla,galah,eolophus roseicapilla
it is the same as the african west african rail,this species is the subfamily of the genus paridae,the galapagos crake,laterallus spilonota,galapagos crake,laterallus spilonota
endemic to mexico,it is found in mexico,galápagos dove,zenaida galapagoensis,galápagos dove,zenaida galapagoensis
endemic,and long - giant forestcatcher iscatcher,the large-billed flycatcher,myiarchus magnirostris,galápagos flycatcher,myiarchus magnirostris
endemic,and the galapagos hawk is a large hawk,galápagos hawk,buteo galapagoensis,galápagos hawk,buteo galapagoensis
"on the island of the hirund, a",endemic and an island of the canary islands,galápagos martin,progne modesta,galápagos martin,modesta
this a small sigmoid,it has a tail,galápagos mockingbird,mimus parvulus,galápagos mockingbird,mimus parvulus
endemic,endemic,penguin,pheniscus mendiculus,galápagos penguin,spheniscus mendiculus
endemic the island,endemic the island,the galápagos petrel,pterodroma phae,galápagos petrel,pterodroma phaeopygia
endemic the island,endemic the island,gambaga flycatcher,muscicapa gambagae,gambaga flycatcher,gambaga flycatcher
endemic,endemicmbelii ),gambel's quail,gambel's quail,gambel's quail,callipepla gambelii
it is found in the temperate and alpine regions of,endemic,gang-gang cockatoo,callocephalon fimbriat,callocephalon fimbriatum,gang-gang cockatoo
endemic,"and the pseudo - chinese batsuensis, a",gansu leaf warbler,phylloscopus kansu,gansu leaf warbler,phylloscopus kansuensis
"endemic to the gardenia genus tr, subfamily,",it is the genus of the emerald,the garden emerald,chlorostilbon assimilis,chlorostilbon assimilis,chlorostilbon assimilis
it is mainly found in southern asia from the eastern,,ylvia borin,ylvia borin,garden warbler,sylvia borin
endemic,endemic,patula querquedula,patula querquedula,garganey,spatula querquedula
endemic to nigeria,it is found in nigeria,garnet robin,eugerygone rubra,garnet robin,eugerygone rubra
"endemic african hummingbird, in the subfamily of the",to subfamily crinae and crinae,garnet-throated hummingbird,lamprolaima rhami,garnet-throated hummingbird,lamprolaima rhami
endemic,endemic,garrett's reed,acrocephalus musae,garrett's reed warbler,acrocephalus musae
island,endemic,geelvink pygmy,micropsitta geelvin,geelvink pygmy parrot,micropsitta geelvinkiana
endemic to mexico is a rare small bird in tan,"it in tanager, thraupidae",genovesa cactus,genovesa cactus,genovesa cactus finch,genovesa cactus finch
""" ), "" passer - like penguin,","endemic to africa, where "" the "" adeli",gentoo penguin,pygoscelis papu,gentoo penguin,pygoscelis papua
this species is sylvia germaini,it germaini,germain's peacock-p,polyplectron germaini,germain's peacock-pheasant,polyplectron germaini
endemic perching and climbing trees,"it is an antpitta - like gr,",the giant antpitta,the giant antpitta,giant antpitta,grallaria gigantea
"endemic to the gymnoid kingdom, and in",endemic to the extinct and possibly extinct,giant antshrike,batara cinerea,batara cinerea,batara cinerea
"endemic to the rail family, the genus of the",this,the giant coot,fulica gigantea,fulica gigantea,fulica gigantea
,it coua,the giant coua,coua gigas,coua gigas,coua gigas
and † † † † † † † † †,endemic,giant honeyeater,Gymnomyza brunneirostri,giant honeyeater,duetting giant honeyeater (gymnomy
"endemic to africa and the giant hummingbird, is",this species,giant hummingbird,patagona gigas,giant hummingbird,patagona gigas
it is a species of the tyrantcat - a,on the giant - sized bird,giant kingbird,tyrannus cubens,tyrannus cubensis,tyrannus cubensis
endemic,endemic and a threatened species,the giant kingfisher,megaceryle maxima,megaceryle maxima,megaceryle maxima
it is unknown,endemic to nigeria,sitta magna,itta magna,giant nuthatch,sitta magna
and the giant pitta,endemic to nigeria,giant pitta,hydrornis caeruleus,giant pitta,hydrornis caeruleus
"to giant owl, giant giant - tailed",it is an extinct extinct,giant scops owl,otus gurneyi,otus gurneyi,mindanao eagle-owl
"""","endemic "" and unknown to the world",giant snipe,gallinago undulata,giant snipe,gallinago undulata
endemic to ghana,and the ghanaian sunbird,giant sunbird,dreptes thomens,giant sunbird,dreptes thomensis
and the giant weaver,on the island of lagos,giant weaver,ploceus grandis,giant weaver,ploceus grandis
"andau, indonesia, a rare endemic endemic endemic",to the island of z,palau greater white-eye,megazosterops palauensis,megazosterops palauensis,megazosterops palauensis
"it is a large forest dwelling wood - nesting,",endemic to the african rail,giant wood rail,aramides ypecaha,aramides ypecaha,rallinae erythrorhynch
endemic,endemic to chiapepe,giant wren,campylorhynchus chia,giant wren,campylorhynchus chiapensis
endemic,endemic to nigeria,ashbyia lovensis,hbyia lovensis,gibberbird,ashbyia lovensis
it is gilaca,this woodscarppe of the southern and central,gila woodpecker,melanerpes uropy,gila woodpecker,melanerpes uropygialis
it is found only in the passerine range,this species is a small resident,gilbert's honeyeater,melithreptus chloropsis,gilbert's honeyeater,melithreptus chloropsis
"and a rare australian endemic bird, found in the",it is an uncommon breeding and breeding bird,gilbert's whistler,pachycephala inornata,gilbert's whistler,pachycephala inornata
"it is called gilded - winged barbet, the",endemic,gilded barbet,capito auratus,gilded barbet,capito auratus
jay,jay,gilded flicker,colaptes chrysoides,colaptes chrysoides,gilded flicker
it is called the golden tracheal stich,to be precise the specific name and the correct english,the gilded sapphire,hylocharis chrys,gilded sapphire,hylocharis chrysura
"it, formerly a rare neotropical bird longiro",endemic,yellow-billed white-eye,osterops luteirostris,gizo white-eye or yellow-billed,zosterops luteirostris
south african is a large gull,"island gull, the second - largest and the",glaucous gull,larus hyperboreus,glaucous gull,larus hyperboreus
endemic,endemic,glaucous macaw,anodorhynchus glaucu,glaucous macaw,anodorhynchus glaucus
"andropalpa, a rare african endemic bird",it is a rare bird thraupid,glaucous tanager,thraupis glaucocolp,glaucous tanager,thraupis glaucocolpa
endemic to nigeria,it is the onlylucescens,glaucous-winged,larus glaucescens,glaucous-winged gull,larus glaucescens
and the collared - tailed finch is a rare,it is a rare family thripidae,the glistening-green tan,chlorochrysa phoenicot,glistening-green tanager,chlorochrysa phoenicotis
and the emerald - headed emerald tr,it,the glittering-throated emeral,chionomesa fimbriata,chionomesa fimbriata,chionomesa fimbriata
endemic african antbird,it is a rare antbird a gymnoid,akesphorus luctuos,akesphorus luctuos,glossy antshrike,sakesphorus luctuosus
toucaneti ) is a rare endemic to,endemic ( possibly extinct ; thraupidae here,the glossy flowerpiercer,diglossa lafresna,glossy flowerpiercer,diglossa lafresnayii
endemic to the genus of the african aplo -,it,the glossy ibis,plegadis falcinellus,glossy ibis,plegadis falcinellus
and manucodea ater ) is a,it is a small african bird,the glossy-mantled manucode,manucodia ater,glossy-mantled manucode,manucodia ater
: the brilliant,,the glowing puffleg,eriocnemis vestita,eriocnemis vestita,eriocnemis vestita
endemic to the zea del sacramento and the mel,endemic to the zea del sacramento,elasphorus ardens,elasphorus ardens,glow-throated hummingbird,selasphorus ardens
endemic to nigeria,it has been described,godlewski's bunting,emberiza godlewskii,godlewski's bunting,emberiza godlewskii
it ballmani,endemic ballmani,ballman's malimbe,ballman's malimbe,gola malimbe,malimbus ballmanni
,endemic,goldcrest,regulus regulus,goldcrest,regulus regulus
andeanotum ) is a babbler,endemic to a country ( family timaliidae (,golden babbler,cyanoderma chrysae,golden babbler,cyanoderma chrysaeum
endemic to africa,and a genus of the ptilo family bronch,golden bowerbird,prionodura newtoniana,golden bowerbird,prionodura newtoniana
endemic african bush robin was the western african bush -,and golden - headed - robin,golden bush robin,tarsiger chrysae,golden bush robin,tarsiger chrysaeus
"endemic to nigeria, where a rare small cuckoo,","on the plateau, a rare aeolid",golden cuckooshrike,campochaera sloet,golden cuckooshrike,campochaera sloetii
to refer to the golden - headed fruit - eating,endemic to nigeria,lemon dove,ptilinopus luteovi,golden fruit dove,ptilinopus luteovirens
this grated rufous - backed - backed,andean,southern yellow grosbeak,pheucticus chry,golden grosbeak,pheucticus chrysogaster
it is called the golden owl,and an owl found on the island of the southern,golden masked owl,tyto aurantia,golden masked owl,tyto aurantia
endemic to nigeria,it is the same species,golden myna,mino anais,golden myna,mino anais
endemic,endemic,golden nightjar,caprimulgus eximius,golden nightjar,caprimulgus eximius
endemic,endemic,golden palm weaver,ploceus bojeri,golden palm weaver,ploceus bojeri
it is a pipit of the african dry -,"least grass, and tall pipit",golden pipit,tmetothylacus ten,golden pipit,tmetothylacus tenellus
endemic to nigeria,it is the same species,golden tanager,tangara arthus,tanager,tangara arthus
,endemic to igbohoye ) is a,golden vireo,vireo hypochryseus,golden vireo,vireo hypochryseus
it is aurus,endemic,golden-backed bishop,euplectes aureus,golden-backed bishop,euplectes aureus
endemic to the african continent and the largest extant weaver,it is an endangered weaver,jackson's weaver,ploceus jacksoni,golden-backed weaver,ploceus jacksoni
it is unknown,is unknown,golden-backed whistler,pachycephala aurea,golden-backed whistler,pachycephala aurea
endemic to african countries,itallus,golden-bellied flycatcher,myiodynastes hemichry,myiodynastes hemichrysus,myiodynastes hemichrysus
andromantha ) is a rare endemic (,to the island ( ( petroicidaeroi,the golden-bellied flyrobin,microeca hemixantha,golden-bellied flyrobin,microeca hemixantha
endemicacea,endemicacea,golden-bellied gerygone,gerygone sulphurea,golden-bellied gerygone,gerygone sulphurea
to the canary islands and the lesser eury -,island,golden-bellied starfrontlet,coeligena bonapartei,coeligena bonapartei,coeligena bonapartei
endemic to the island of the same name,endemic,golden-bellied warbler,golden-bellied warbler,golden-bellied warbler,golden-bellied warbler
andgialis ) is a rare african endemic (,: here ( ( z ) ( s ) (,the golden-bellied white-eye,osterops uropygiali,zosterops uropygialis,zosterops uropygialis
"it ruber, is a small african saltator","this saltator, a thraupid",altator aurantiirostris,altator aurantiirostris,golden-billed saltator,saltator aurantiirostris
endemic there,itventris is a rare passerine,golden-breasted bunting,emberiza flaviventris,golden-breasted bunting,emberiza flaviventris
it aureipennis,on the ground it is a rare,golden-breasted fruiteater,pipreola aureopect,golden-breasted fruiteater,pipreola aureopectus
"to be found in bangladesh, and possibly in eastern",it,golden-breasted fulvetta,lioparus chrys,golden-breasted fulvetta,lioparus chrysotis
endemic to brazil,it is the brazilian greenback,golden-breasted puffleg,eriocnemis mosquera,golden-breasted puffleg,ieriocnemis mosquera
endemic to nigeria,this royal monarch,royal starling,lamprotornis regius,golden-breasted starling,lamprotornis regius
andeana,endemic to colombia,ilvicultrix pulchella,ilvicultrix pulchella,golden-browed chat-tyrant,silvicultrix pulchella
itophrynus ) ( a small not,endemic ( probably concho - crocillid,golden-browed chlorophonia,chlorophonia callophrys,chlorophonia callophrys,chlorophonia callophrys
"endemic to a plant genus called the araceae,",it is a small ground - warbler,golden-browed warbler,basileuterus belli,basileuterus belli,basileuterus belli
to a small - sized bird belonging to the large,endemic to the beechpecker family in the genus,golden-cheeked woodpecker,melanerpes chrys,golden-cheeked woodpecker,melanerpes chrysogenys
it is called,endemic to nigeria,golden-chested tanager,bangsia rothschild,bangsia rothschildi,bangsia rothschildi
it ornata,"andatae, is a rare endemic african forest",golden-chevroned tanager,thraupis ornata,thraupis ornata,thraupis ornata
it is a small southcentral sub - tropical,to the tanager and tanager family gryp,golden-collared honeycreeper,iridophanes pulcherrim,iridophanes pulcherrimus,iridophanes pulcherrimus
it is a small species of small - sized parrot,this small and very green forest - dwelling - dwelling,golden-collared macaw,primolius auricollis,golden-collared macaw,primolius auricollis
endemic to nigeria,it is an endemic species,golden-collared manakin,manacus vitellinus,manakin,manakin
androskii ) is a rare small (,it ( ( a ) thra ( thr,golden-collared tanager,iridosornis jelski,iridosornis jelskii,iridosornis jelskii
this bird is a species of the goose - -,- - a small goose family coregonid core,golden-crested myna,pelliceps coronatus,golden-crested myna,ampeliceps coronatus
itensi ) is a rare endemic ( a,and ( a ) ( ( ( sci ) here,golden-crowned babbler,sterrhoptilus dennistoun,golden-crowned babbler,sterrhoptilus dennistouni
toxopterus ) is ( a small,"and a small phryn ( tyranus,",golden-crowned flycatcher,myiodynastes chrys,golden-crowned flycatcher,myiodynastes chrysocephal
and a common bird in the royalulidae that,endemic bird that is found throughout africa,golden-crowned kinglet,regulus satrapa,regulus satrapa,regulus satrapa
endemic,endemic,golden-crowned spadebill,platyrinchus coronatus,platyrinchus coronatus,platyrinchus coronatus
andrifrons ) is a rare africanfr,""" aquilonia ( thraupis an",golden-crowned tanager,iridosornis rufi,iridosornis rufivertex,iridosornis rufivertex
it is called mydas,endemic to nigeria,golden-crowned warbler,ileuterus culicivorus,basileuterus culicivorus,basileuterus culicivorus
itis ) is a small african wild - -,- ( tanager and thrip ( thrip,golden-eared tanager,tangara chrysotis,tanager,tangara chrysotis
it is aureola,this phryne is a small terrestrial passerine,goldenface,pachycare flavogriseum,goldenface,pachycare flavogriseum
this chrysops species is a small bird or,it is a small bird in the lizard,golden-faced tyrannul,zimmerius chrysops,zimmerius chrysops,tyrannulet
"it is a small - sized, about 30 cm","endemic, and a very rare african song",golden-fronted bowerbird,amblyornis flavifrons,golden-fronted bowerbird,amblyornis flavifrons
it is called the african the least rufous,and the african golden - fronted golden - fronted the,choeniparus variegaticep,choeniparus variegaticep,golden-fronted fulvetta,schoeniparus variegaticeps
endemic,endemic,golden-fronted leafbird,chloropsis aurifrons,chloropsis aurifrons,chloropsis aurifrons
"and whitestart, is a rare endemic african",it is a small native to nigeria,golden-fronted whitestart,myioborus ornatus,myioborus ornatus,myioborus ornatus
endemic african woodland bird,"this small bird, the picidae",golden-fronted woodpecker,melanerpes aurifrons,golden-fronted woodpecker,melanerpes aurifrons
"endemic african forest dwelling bird, picinae, the",on the green woodpecker family picidae,the golden-green woodpecker,piculus chrysochloro,piculus chrysochloros,piculus chrysochloros
it,this small green cisticola resembles cuneiform,golden-headed cisticola,cisticola exilis,golden-headed cisticola,cisticola exilis
it,"endemic to and occurs in southern africa, madagascar in",golden-headed manakin,ceratopipra erythrocephala,golden-headed manakin,ceratopipra erythroceph
: strikingly chitinous - coloured bush -,""" """,corequenque,pharomachrus auriceps,golden-headed quetzal or corequen,pharomachrus auriceps
endemic to nigeria,it is the same species,golden-hooded tanager,stilpnia larvata,stilpnia larvata,stilpnia larvata
it is satyr,toxus,golden-mantled racket-tail,prioniturus platurus,prioniturus platurus,prioniturus platurus
it epaulettata,onagerta is a small green - winged finch,golden-naped finch,pyrrhoplectes ep,golden-naped finch,pyrrhoplectes epauletta
: here,,golden-naped tanager,chalcothraupis rufic,tanager,chalcothraupis rufic
androstatus ) is a rare african weaver,it ( formerly called the weaver ( o,golden-naped weaver,ploceus aureonucha,golden-naped weaver,ploceus aureonucha
endemic to nigeria,this lemur is a rare nocturnal forest - dwelling,golden-naped woodpecker,melanerpes chrysau,golden-naped woodpecker,melanerpes chrysauchen
it is a small forest dwelling picid,on the island of the woodpecker family pic,colaptes rubiginosus,colaptes rubiginosus,golden-olive woodpecker,colaptes rubiginosus
"and the family of the bird, in the genus",endemic to the african continent,golden-plumed parakeet,leptosittaca branick,golden-plumed parakeet,leptosittaca branickii
endemic to nigeria,this species is unknown ),golden-rumped flowerpecker,dicaeum annae,golden-rumped flowerpecker,dicaeum annae
ityennensis ) is a rare teredo,toyensis ( family fringillidae poll,golden-sided euphonia,euphonia cayennens,golden-sided euphonia,euphonia cayennensis
": a small genus in the picidae, the",and a small woodland bird in the familyninnin,the golden-spangled piculet,picumnus exilis,golden-spangled piculet,picumnus exilis
endemic,island and sub - tropical insulae is a,golden-spotted ground dove,metriopelia aymara,golden-spotted ground dove,metriopelia aymara
"endemic to nigeria, africa",,the golden-tufted mountain grackle,macroagelaius imthurn,golden-tufted mountain grackle,macroagelaius imthurni
toxopterus ) is a rareop,endemic african diptera ( family tortricidaellidae here,the golden-winged cacique,cacicus chrysopterus,golden-winged cacique,cacicus chrysopterus
it is unknown,toxospiscus ) is a rare african,golden-winged manakin,masius chrysopterus,golden-winged manakin,masius chrysopterus
it a bird in the passeridae,"this small sparrow, that is found in the americas",golden-winged sparrow,arremon schlegeli,golden-winged sparrow,passerellus schlegeli
andrus reichenowii is a rare bird,endemic to nigeria,golden-winged sunbird,drepanorhynchus,golden-winged sunbird,drepanorhynchus reichen
"endemic to the western hemisphere, and tyrannical",on the continent,golden-winged tody-f,poecilotriccus cal,golden-winged tody-flycatcher,poecilotriccus calopterus
endemic to nigeria,: : : : : : : : : :,golden-winged warbler,vermivora chrysopter,golden-winged warbler,vermivora chrysoptera
to the paradisaea decora which is a,endemic,goldie's bird-of-para,paradisaea decora,goldie's bird-of-paradise,paradisaea decora
it is goldii,endemiciei ) is a small green parrot (,goldie's lorikeet,goldie's lorikeet,goldie's lorikeet,glossoptilus goldiei
it a songbird,this songbird is a small forest - dwelling leaf,goldman's warbler,setophaga goldmani,golden warbler,setophaga goldmani
it is a small woodland bird,": the following subspecies in thraupidae,",gold-ringed tanager,bangsia aureocin,bangsia aureocincta,bangsia aureocincta
endemic to nigeria,"and the nigerian black cuckoo, is a large small",goliath coucal,centropus goliath,goliath coucal,centropus goliath
it,endemic to burkina faso,the goliath imperial pig,ducula goliath,goliath imperial pigeon,ducula goliath
"endemic to the african golden triangle, helio -",it,abellae,abellae,gorgeted puffleg,eriocnemis isabellae
endemic to the cuban cuban island of the lesbos,this,gorgeted sunangel,heliangelus strophianus,heliangelus strophianus,heliangelus strophianus
endemic to ant,island,gorgeted wood quail,odontophorus strophium,gorgeted wood quail,odontophorus strophium
it is called,endemic,gosling's apalis,apalis goslingi,gosling's apalis,apalis goslingi
endemic,endemic,grey-throated bunting,emberiza goslingi,gosling's bunting,emberiza goslingi
it is the rufous - tailed bush -,endemic to australia,gough moorhen,gallinula comeri,gough moorhen,gallinula comeri
it the rainbow - headed - billed,"""",lady gouldian finch,chloebia gouldi,gouldian finch,chloebia gouldiae
endemic,endemic,gould's emerald,riccordia elegans,Gould's emerald (riccordia eleg,raelensis) is R
endemic to the small caprig promulgating,endemic to birds in the genusrimalgus macro,gould's frogmouth,batrachostomus stellatus,Gould's frogmouth,batrachostomus stellatus
"this species, a small - sized green - spines",it is lirid,gould's jewelfront,heliodoxa aurescens,gould's jewelfront or gould's,heliodoxa aurescens
nearctica ) is a small marine sea snail,endemic to the antarctic ( the pelag ( pe,gould's petrel,pterodroma leuc,Gould's petrel,pterodroma leucoptera
it a small near - threatened and probably a small,endemic and a vulnerable bird family,elenidera gouldii,elenidera gouldii,Gould's toucanet,selenidera gouldii
endemic,endemic to nigeria,graceful honeyeater,microptilotis gracilis,microptilotis gracilis,microptilotis gracilis
": the great - crested duck, also ),","on the island and the nearby islands, and the",black-crowned pitta,erythropitta venusta,pitta,erythropitta venusta
this small bird,""" small "" ; in some sources",graceful prinia,prinia gracilis,prinia,prinia gracilis
endemic,endemic,grace's warbler,setophaga graciae,setophaga graciae,setophaga graciae
it is a small forest - dwelling ground - dwelling,endemic plant - eating and foraging bird,the grand comoro brush warbler,nesillas brevicaudata,grand comoro brush warbler,nesillas brevicaudata
endemic and an island - like bulbul,endemic to the small island,the grand comoro bulbul,hypsipetes parvirostri,grand comoro bulbul,hypsipetes parvirostris
"androsipennis, is a rare endemic african",it is an endangeredipent,the grand comoro drongo,dicrurus fuscipennis,grand comoro drongo,dicrurus fuscipennis
endemic,endemic,long-billed creeper,rhabdornis grandis,grand rhabdornis,rhabdornis grandis
endemic to nigeria,it is unknown,grandala coelicolor,grandala coelicolor,grandala,grandala coelicolor
it a small forest dwelling bird in tropical and subtropical,endemic,grant's bluebill,spermophaga poliogenys,grant's bluebill,spermophaga poliogenys
endemic,endemic,grass wren,cistothorus platens,grass wren,cistothorus platensis
it is a small tropical woodland bird,endemic to brazil,the grass-green tanager,chlorornis riefferii,grass-green tanager,chlorornis riefferii
"this bird, the family accipioccy","""",grasshopper buzzard,butastur rufipennis,buzzard,butastur rufipennis
endemic to cameroon,it is an endangered species,grassland sparrow,ammodramus humeralis,grassland sparrow,ammodramus humeralis
this species is the same as the other two,endemic to the african continent,african green broadbill,pseudocalyptomena graueri,grauer's broadbill,pseudocalyptomena graueri
"iti ) is a small forest - war,",endemic war ( groundhog and bat ( bats ),grauer's swamp warbler,bradypterus graueri,bradypterus graueri,bradypterus graueri
endemic the african continent,it is an uncommon old war -bling a small,grauer's warbler,grauer's warbler,grauer's warbler,graueria vittata
and the wren,it is unknown,gray-barred wren,campylorhynchus megalopter,gray-barred wren,campylorhynchus megalopter
endemic to the buboid - - tailed long,island andaman and the great chiloe islands,gray kingbird,tyrannus dominicens,gray kingbird,tyrannus dominicensis
it is a small to medium - sized small bird,"this small bird, a small bird",gray thrasher,toxostoma cinereum,gray thrasher,toxostoma cinereum
it is called the gray vireo,this vireo is a small north american forest,gray vireo,vireo vicinior,gray vireo,vicinior
endemic to cayo,endemic cayan island,gray-headed kite,leptodon cayanensis,gray-headed kite,leptodon cayanensis
endemic to cameroon,"and the boa bird, a rare endemic bird",gray-throated warbling finch,microspingus cabanisi,gray-throated warbling finch,microspingus cabanisi
endemic to nigeria,and the malimbe,the great antpitta,grallaria excelsa,great antpitta,grallaria excelsa
endemic,endemic,the great antshrike,taraba major,taraba major,taraba major
it is called the great argus,endemic to indonesia,argusianus argus,argusianus argus,great argus,argusianus argus
endemic african giant alcaenid,"this alcid, a large, extinct,",the great auk,pinguinus impennis,great auk,pinguinus impennis
endemic,:,ilopogon virens,ilopogon virens,great barbet,psilopogon virens
"itipidridae, including theitrix","this genus, including buceros - - tailed",the great black hawk,buteogallus urubitinga,great black hawk,buteogallus urubitinga
""" the great black - backed """,south,the great black-backed gull,larus marinus,great black-backed gull,larus marinus
it,"endemic to the tropical and subtropical americas, where the",the great blue heron,ardea herodias,great blue heron,ardea herodias
toteminata ) is a small bird of,it ( a genus of the family titi (,corythaeola cristat,corythaeola cristat,great blue turaco,corythaeola cristata
this species includes the range of the tasman and,it occurs throughout the continent except antarctica,a common and conspicuous resident of northern,chlamydera nuchalis,great bowerbird,chlamydera nuchalis
endemic to the african continent,"this african bird, and the only known the only",the great bustard,otis tarda,great bustard,otis tarda
endemic to nigeria,and the nigerian plumbilli is a rare small,the great cuckoo-dove,reinwardtoena reinwardti,great cuckoo-dove,reinwardtoena reinwardti
"""","""",the great curassow,crax rubra,great curassow,crax rubra
endemic,endemic to nigeria,great eared nightjar,lyncornis macrotis,great eared nightjar,lyncornis macrotis
"""","endemic """,the great egret,ardea alba,great egret,ardea alba
"endemic african forest - dwelling owl, an endangered and",endemic,trix nebulosa,trix nebulosa,great grey owl,strix nebulosa
endemic giant - tailed hanging parrot,endemic,loriculus stigmatus,loriculus stigmatus,great hanging parrot,loriculus stigmatus
totemgae ) is a rare endemic african,and a rare ( subfamily aegithinidae (,aegithina lafres,aegithina lafres,great iora,aegithina lafresnayei
it is called aurochs,endemic,jacamerops aureus,jacamerops aureus,great jacamar,Jacamerops aureus
"""","to "" translates to """,the great kiskadee,pitangus sulphuratus,great kiskadee,pitangus sulphuratus
endemic,on the island of the south atlantic,the great knot,calidris tenuirostris,great knot,calidris tenuirostris
endemic to troides and cuculinacnic,endemic,the great lizard cuckoo,coccyzus merlini,great lizard cuckoo,coccyzus merlini
endemic,endemic,white-vented myna,acridotheres grandis,great myna,acridotheres grandis
"and an endangered, critically endangered",island,the great nicobar serpent ea,spilornis klossi,great nicobar serpent eagle,spilornis klossi
this species is the largest potoo species and is,to be widely - distributed in the north america,the great potoo,nyctibius grandis,great potoo,nyctibius grandis
endemic to nigeria,it is an endangered species,great rosefinch,carpodacus rubicilla,great rosefinch,carpodacus rubicilla
endemic,endemic endemic endemic endemic endemic endemic endemic endemic the eu,great rufous woodcreeper,xiphocolaptes major,great rufous woodcreeper,xiphocolaptes major
endemic to nigeria,this species is unknown,the great shearwater,ardenna gravis,great shearwater,ardenna gravis
"endemic to the family musciolpidae,",on the island,heinrichia calligy,heinrichia calligy,heinrichia calligyna,heinrichia calligyna
endemic to nigeria,it is probably africanus,great shrike-tyrant,agriornis lividus,great shrike-tyrant,agriornis lividus
it is pulverulentus ) is a rare,to a rare species ( the genus pic ( the,the great slaty woodpecker,mulleripicus pulverulent,great slaty woodpecker,Mulleripicus pulverulentus
,,southern rufous sparrow,southern rufous sparrow,great sparrow,passer motitensis
it is a small grey,and a large ptero - grey is a endemic,roroa,apteryx haastii,great spotted kiwi,roroa
"this large - sized, dark brown - headed -","""",great spotted woodpecker,dendrocopos major,great spotted woodpecker,dendrocopos major
it is the rufous - tailed water -,this includes africa and south - east asia,esacus recurvi,acus recurvirostris,great stone-curlew,esacus recurvirostris
": a small swift, subfamily apodinae,",it is a small swift family aphid subfamily ap,great swallow-tailed swift,panyptila sanctihier,great swallow-tailed swift,panyptila sanctihieronymi
on the island of lagos,endemic to nigeria,the great thrush,turdus fuscater,great thrush,turdus fuscater
endemic to nigeria,: : : : : : : : : :,great tit,parus major,great tit,parus major
it,"african white - fronted - billed - goose, golden",the great white pelican,pelecanus onocrotalus,great white pelican,pelecanus onocrotalus
this giant woodswallow,endemic,the great woodswallow,artamus maximus,great woodswallow,artamus maximus
"it, a small bird from the amazonian forest",:,the great xenops,megaxenops parnaguae,megaxenops parnaguae,megaxenops parnaguae
endemic,endemic,phaethornis malaris,phaethornis malaris,great-billed hermit,phaethornis malaris
"on the island of sumatra, a small endemic bird",it is found in southern indonesia,ardea sumatrana,ardea sumatrana,great-billed heron,ardea sumatrana
endemic to the genus and a rare tropical birdanor,it,black-billed kingfisher,pelargopsis melanorhy,great-billed kingfisher,pelargopsis melanorhyncha
this is a large small katy - like finch or,island - dwelling tree - dwelling,great-billed mannikin,lonchura grandis,great-billed mannikin or grand mun,lonchura grandis
"endemic to the island, yellow - green - brown","endemic to the head, throat, green, under",the great-billed parrot,tanygnathus megaloryn,great-billed parrot,tanygnathus megalorynch
endemic,endemic,greater ani,crotophaga major,greater ani,cuckoo
ita violacea ),endemic to madagascar,greater antillean bullfinch,melopyrrha violacea,greater antillean bullfinch,melopyrrha violacea
island - grackle,endemic gull breeding on the lesser antilles and the,the greater antillean grackle,quiscalus niger,greater antillean grackle,quiscalus niger
,endemic to pangaea,greater bird-of-paradise,paradisaea apoda,greater bird-of-paradise,paradisaea apoda
endemic sahel ewe and cape - verdes,it breeds wherever it occurs,greater blue-eared starling,lamprotornis chalyba,greater blue-eared starling,lamprotornis chalybaeus
it is a large flying bird,to the local group of the same name the lori,greater coucal,centropus sinensis,greater coucal or crow pheasant,centropus sinensis
endemic to the amazonica region,"andeana, a large forest in the amazon",greater double-collared sunbird,cinnyris afer,greater double-collared sunbird,cinnyris afer
to the crag - like,and great - billed woodpecker,greater flameback,chrysocolaptes gutt,greater flameback,chrysocolaptes guttacristatus
endemic,this large crake,greater flamingo,phoenicopterus roseus,greater flamingo,phoenicopterus roseus
and the flower wren,endemic to nigeria,greater flowerpiercer,diglossa major,greater flowerpiercer,diglossa major
endemic,endemic,greater green leafbird,onnerati,greater green leafbird,chloropsis sonnerati
totemyii ) is a rare african forest,and a small ( ( petroicidae (,greater ground robin,amalocichla sclateriana,greater ground robin,amalocichla sclateriana
"endemic, nonmatropicid, closely -",and closely - related to acrostich,greater honeyguide,the greater honeyguide (indicator indicator),greater honeyguide,indicator indicator
"endemic black - tailed falcon, a large african giant",on the island of the african continent,greater kestrel,falco rupicoloides,greater kestrel,falco rupicoloides
it is paradisaeid,onis - - - - - - the pass,superb bird-of-paradise,superb bird-of-paradise,greater lophorina,lophorina superba
"italensis, is a small african wadensis","endemic to nigeria, and rostratula",greater painted-snipe,rostratula benghalens,rostratula benghalensis,rostratula benghalensis
it is the same as the passer,to this bird it belongs,greater pewee,contopus pertinax,greater pewee,contopus pertinax
: this bird is an african forest dwelling bird,least concern,greater racket-tailed drongo,greater racket-tailed drongo,greater racket-tailed drongo,dicrurus paradiseus
it is an endemic aridoamerican cusco,this cauca - cauca - el - sur,greater roadrunner,geococcyx californianus,geococcyx californianus,geococcyx californianus
and the sagebrush - tailed sage - tailed sage,endemic,the greater sage-grouse,centrocercus urophasian,greater sage-grouse,centrocercus urophasianus
endemic,endemic,greater sand plover,charadrius leschenaultii,greater sand plover,charadrius leschenaultii
"it is a large wood - nesting bird, the",and the turdus migratorius mig the,"the american robin, also known as the",turdus migratorius,american robin,turdus migratorius
it is a new world ground - dwelling ground -,endemic ground - dwelling bird,greater swamp warbler,acrocephalus rufescen,greater swamp warbler,acrocephalus rufescens
endemic and non - migratory,"on the island, where a species of this bird",greater thornbird,phacellodomus ruber,greater thornbird,phacellodomus ruber
endemic to the greater vasa,island vasa,greater vasa parrot,coracopsis vasa,greater vasa parrot,coracopsis vasa
endemic,endemic to claros,tigmatura budytoides,tigmatura budytoides,greater wagtail-tyrant,stigmatura budytoides
endemic to comoros,endemic comoros,icalis auriventris,icalis auriventris,greater yellow finch,sicalis auriventris
"endemic, is a rare african forest vulture",endemic,greater yellow-headed vulture,cathartes melambrotus,greater yellow-headed vulture,cathartes melambrotus
least,it is a quiscal - tailed passerine,the great-tailed grackle,quiscalus mexicanus,great-tailed grackle,quiscalus mexicanus
endemic,endemic,great-winged petrel,pterodroma macropter,great-winged petrel,pterodroma macroptera
endemic to africa ),"it, which ( like the african caracal (",the green araçari,pteroglossus virid,green araçari,pteroglossus viridis
it is found in nigeria,,tictospiza formosaestril,tictospiza formosaestril,stictospiza formosaestrilda form,stictospiza formosaestrilla form
it is an elavid finch that is found,to the east of the continent,green-backed twinspot,mandingoa nitid,mandingoa nitidula,mandingoa nitidula
endemic to a region called the barbet a small,is a small west african,tactolaema oli,tactolaema olivace,stactolaema olivacea,stactolaema olivacea
it the lesser broadbill,this broadbill,the lesser green broadbill,calyptomena viridis,green broadbill,calyptomena viridis
this tropical moist lowland rainforest type of the eastern australian,it from northern new guinea to new south wales and,ailuroedus crassiros,ailuroedus crassiros,green catbird,ileuroedus crassirostris
this,endemic,the green cochoa,cochoa viridis,green cochoa,cochoa viridis
it a small west african warbler,endemic to the island,ylviietta virens,ylviietta virens,green crombec,sylviidae
endemic to viridi,islandiformis,phecotheres viridis,phecotheres viridis,timor figbird,timor figbird
this species includes the range of the whole of the,endemic to western brazil and northeastern argentina and northwestern paraguay,the green hermit,phaethornis guy,green hermit,phaethornis guy
endemic to e,endemic to e,the green honeycreeper,chlorophanes spiza,green honeycreeper,chlorophanes spiza
to which it refers,least concern and iucn red list,hylia prasin,hylia prasin,green hylia,hylia prasina
it is a small green,endemic,cayenne ibis,embrinibis cayennens,green ibis,mesembrinibis cayennensis
it is called the green imperial - pigeon,endemic to nigeria,green imperial pigeon,ducula aenea,imperial pigeon,ducula aenea
endemic,and the iora is unknown,the green iora,aegithina viridiss,green iora,aegithina viridissima
it is a common member of the new world jays,"this green - winged jay, from south and central",the green jay,cyanocorax luxuos,green jay,cyanocorax luxuosus
endemic to nigeria,it is found in nigeria,green jery,neomixis viridis,green jery,neomixis viridis
endemic,endemic,the most distantly related and the first to diver,the green junglefowl (gallus vari,green junglefowl,gallus varius
"endemic to the family oenidae, and the",on the small island of genus urali,urolais epichlorus,urolais epichlorus,green longtail,urolais epichlorus
itris australis,thisiformis ) is a small african cuckoo (,whistling yellowbill,ceuthmochares australis,whistling yellowbill,ceuthmochares australis
endemic,endemic,the green mango,anthracothorax viridis,green mango,anthracothorax viridis
it inconsibly incistibly terrestrialist an,to be considered an inconsistibly - terrestrial,australasian yellow oriole,oriolus flavocinctus,green oriole or australasian yellow ori,green oriole or australasian yellow ori
endemic,endemic,green oropendola,psarocolius viridis,green oropendola,psarocolius viridis
"it occurs in southern and eastern mexico, ranging from",,green parakeet,psittacara holoch,green parakeet,psittacara holochlorus
it is a peabill,""" peabill "" is a large green bird of",the green peafowl,pavo muticus,green peafowl,pavo muticus
this small is a small brown - headed wild duck,on the island of hawaii and in the philippines,green pygmy goose,nettapus pulchellus,green pygmy goose,nettapus pulchellus
to the southern islands of the philippines is found,this small parrot,the green racket-tail,prioniturus luconen,prioniturus luconensis,prioniturus luconensis
island caledonicus,endemic to tasmania,tasmanian rosella,platycercus caledonicus,green rosella or tasmanian ro,platycercus caledonicus
it is the same as the large green heron or,this heron,green sandpiper,tringa ochropus,green sandpiper,tringa ochropus
endemics ) is a rare bird ( chelidae,endemic ch ( ( ) ( = ) that (,the green shrike-babbler,pteruthius xanthoch,green shrike-babbler,pteruthius xanthochlorus
endemicus africanus,nearcticus,the green shrike-vireo,vireolanius pulchellus,green shrike-vireo,vireolanius pulchellus
"it a small bird of the family, a small",: a small,the green tinkerbird,pogoniulus simplex,green tinkerbird,pogoniulus simplex
and the green willow leaf - nester - leaf,,green warbler,phylloscopus niti,green warbler,phylloscopus nitidus
"it is a small tree - dwelling ground -,",endemic,green warbler-finch,certhidea olivacea,green warbler-finch,certhidea olivacea
endemic to nigeria,this bird is unknown ),the green white-eye,osterops stuhlmanni,zosterops stuhlmanni,zosterops stuhlmanni
"and a 20 cm - long, very large,",endemic,the green wood hoopoe,phoeniculus purpureus,green wood hoopoe,phoeniculus purpureus
endemic kiefferi,thistzi is a rare small - sized lizard,the green-and-black fruiteater,pipreola riefferii,green-and-black fruiteater,pipreola riefferii
endemic to a small island,endemic an island in the thraupid na,the green-and-gold tanager,tangara schrankii,tanager,tangara schrankii
endemic to the cuban island of santiago de the genus,it,the green-and-white hummingbird,elliotomyia viri,elliotomyia viridicauda,elliotomyia viridicauda
totemiformis ) is a rare small african,this smallidi ( ( tityridae,green-backed becard,pachyramphus viridis,green-backed becard,pachyramphus viridis
itaro - camaro -,endemic,bleating camaroptera,camaroptera brachyura,green-backed camaroptera,camaroptera brachyura
,it is the same species,the green-backed eremomela,eremomela canescens,green-backed eremomela,eremomela canescens
"and the woodcocks group, tribedini,",it is placed in the genus group,ephanoides sephaniodes,ephanoides sephaniodes,sephanoides sephaniodes,sephanoides sephaniodes
it is a rare bird in the antbird family,this bird,the green-backed gerygone,gerygone chloronota,green-backed gerygone,gerygone chloronota
it is the rufous - brown nectar -,endemic bombus - like - like bird,green-backed hillstar,urochroa leucura,green-backed hillstar,urochroa leucura
to the honey - fed honey - fed honey -,endemic to nigeria,the green-backed honeybird,prodotiscus zambesi,prodotiscus zambesiae,prodotiscus zambesiae
it thorax and head are green,"endemic to a small island, family and genus of",green-backed honeyeater,glycichaera fallax,glycichaera fallax,glycichaera fallax
endemic,island,the green-backed kingfisher,actenoides monachus,actenoides monachus,actenoides monachus
endemic to benin republic,"ittamensis, a small forest - dwelling,",the green-backed robin,pachycephalopsis hatta,green-backed robin,pachycephalopsis hattamensis
tocomyidae,"endemic to the americas including the caribbean region, eastern",the green-backed sparrow,arremonops chloronotus,green-backed sparrow,arremonops chloronotus
on the island of lagos,endemic,green-backed tit,parus monticolus,parus monticolus,parus monticolus
italicus ) is a rare antbird (,and a small ( ( ( ( za ) ),the green-backed white-eye,osterops xanthochroa,zosterops xanthochroa,zosterops xanthochroa
"endemic mite, a small picid",endemic,colaptes melanochloros,colaptes melanochloros,green-barred woodpecker,colaptes melanochloros
"this cuckoo is a large, small cuckoo bird or",it is a parasitic cuckoo,green-billed malkoha,phaenicophaeus tristi,green-billed malkoha,phaenicophaeus tristis
endemic,endemic to the family of the giant tree - dwelling,the green-billed toucan,ramphastos dicolorus,green-billed toucan,ramphastos dicolorus
"toxodus, formerly included in the genus",endemic,gladiator bushshrike,malaconotus gladiator,gladiator bushshrike,gladiator bushshrike
it ant is an ochodid aphid in,endemic,prevost's mango,anthracothorax prevosti,green-breasted mango or prevost's mango,anthracothorax prevostii
"and an endemic to the genus of the bird,",it is a nonmetallic ground - dwelling,green-breasted mountaingem,ybillae,green-breasted mountaingem or green,lampornis sybillae
endemic to nigeria,it is found in nigeria,green-breasted pitta,pitta reichenowi,pitta reichenowi,pitta reichenowi
endemic to the americas and africa,this species is now usually found only in the wood,eremomela scotops,eremomela scotops,greencap eremomela,eremomela scotops
itzensii ),"this bird, ( a rare endemic to the family",green-capped tanager,stilpnia meyerdeschauensee,stilpnia meyerdeschauense,stilpnia meyerdeschauense
""" ""","to "" means "" to """,the green-cheeked parakeet,pyrrhura molinae,green-cheeked parakeet,pyrrhura molinae
,endemic,green-chinned euphonia,euphonia chalybea,euphonia chalybea,euphonia chalybea
"to the green - crowned brilliant, sub - genus","this tribe is assigned to the genus, and the",green-crowned brilliant,heliodoxa jacula,heliodoxa jacula,heliodoxa jacula
endemic,it is found only there,green-faced parrotfinch,erythrura viridifacie,green-faced parrotfinch,erythrura viridifacies
"endemic africana, is a small african hummingbird","this hummingbird, a trochilidae",green-fronted lancebill,oryfera ludovica,doryfera ludovicae,doryfera ludovicae
,"it is, the montane oriole, a",montane oriole,oriolus chlorocephalus,green-headed oriole,oriolus chlorocephalus
endemic,it is found in angola,the green-headed tanager,tangara seledon,tangara seledon,tangara seledon
"endemic african forest - dwelling bird, a small family",it is a small genus of small wood - dwelling,the greenish elaenia,myiopagis viridicat,myiopagis viridicata,myiopagis viridicata
"and a small blue butterfly, genus heliops",endemic,the greenish puffleg,haplophaedia aureliae,haplophaedia aureliae,haplophaedia aureliae
it is the rufous - tailed ground -,endemic to nigeria,greenish schiffornis,schiffornis virescens,schiffornis virescens,schiffornis virescens
it is virescens,"andrescens, a rare endemic african semi -",the greenish tyrannule,phyllomyias vir,greenish tyrannulet,pyrllomyias virescens
,endemic to nigeria,icalis olivascens,icalis olivascens,sicalis olivascens,sicalis olivascens
it is the western partridge,to refer to it as bucerid - -,scaly-breasted partridge,tropicoperdix chloropus,tropicoperdix chloropus,tropicoperdix chloropus
endemic,island andaman,green-naped tanager,tangara fucosa,tanager,tangara fucosa
endemic to the amazonian rainforest in eastern tropical and,it,the green-rumped parrotlet,forpus passerinus,forpus passerinus,forpus passerinus
endemic to the island,island of timor,the green-tailed bristlebill,bleda eximius,bleda eximius,bleda eximius
endemic to africa,this is a small african tropical bird in the poly,green-tailed goldenthroat,polytmus theresiae,green-tailed goldenthroat,polytmus theresiae
to nepal,endemic nepal green - eyed - sunbird is a,green-tailed sunbird,aethopyga n,green-tailed sunbird,nepal yellow-backed sunbird
it is the smallest and only towhee,endemic towhee,"the smallest towhee, but is","the smallest towhee, but is",green-tailed towhee,pipilo chlorurus
to the cuban sparrow -hawk,"it resembles the cuban humming - rail,",lesbia nuna,lesbia nuna,green-tailed trainbearer,lebia nuna
endemic,endemic to the myoxoidyl - type region,the green-tailed warbler,microligea palustris,microligea palustris,microligea palustris
totiniculatus,this speciestus is a small tropical hummingbird,green-throated mango,anthracothorax viri,green-throated mango,anthracothorax viridigula
endemic,and an endemic african hummingbird,green-throated mountaingem,lampornis viridipallen,green-throated mountaingem or green,lampornis viridipallens
it is rubescens,"andescens, is a rare african sunbird",green-throated sunbird,chalcomitra rubescens,green-throated sunbird,chalcomitra rubescens
endemic to nigeria,this sulky species is a species of saltator,altator similis,altator similis,green-winged saltator,saltator similis
endemic to grenada,endemic to grenada,grenada dove,leptotila wellsi,grenada dove,leptotila wellsi
endemic to grenada,it is the type species,grenada flycatcher,myiarchus nugator,grenada flycatcher,myiarchus nugator
it is a rare antbird,"to refer to it an antbird, the ant",grey antbird,cercomacra cinerasc,grey antbird,cercomacra cinerascens
"toucai, is a rare african endemic bird",endemic,grey antwren,myrmotherula menetriesii,grey antwren,myrmotherula menetriesii
and the grey apalis,endemic to nigeria,grey apalis,apalis cinerea,grey apalis,apalis cinerea
it is emberiza,endemic to nigeria,grey bunting,emberiza variabilis,grey bunting,emberiza variabilis
it is a rare small african passerine bird in,"endemic to the family, a smallrid",axicola ferreus,axicola ferreus,grey bush chat,saxicola ferreus
it has more with an atypal and at,jay,bare-faced crow,corvus tristis,gray crow,corvus tristis
"to the, grey crowned crane, crested crane found","it, belonging to the crane family, gruid",the grey crowned crane,balearica regulorum,grey crowned crane,balearica regulorum
endemic african forest dwelling bird,it a rare african cuckooshell,grey cuckooshrike,ceblepyris caesius,grey cuckooshrike,ceblepyris caesius
"and the australian is a large - sized falcon,",it is found in the northern hemisphere,the grey falcon,falco hypoleucos,grey falcon,falco hypoleucos
endemic to nigeria,it is found in nigeria,grey friarbird,philemon kisserensis,grey friarbird,philemon kisserensis
,it is called koro,grey go-away-bird,corythaixoides concolor,grey go-away-bird,corythaixoides concolor
"this small bird, non - migratory of the genus",it is the rufous - headed - tailed,grey goshawk,accipiter novaeholl,grey goshawk,accipiter novaehollandiae
it is heronicidae heron,on the continent of the americas and the mediterranean heron,grey heron,ardea cinerea,grey heron,ardea cinerea
,this apocolius,hypocolius ampelinus,hypocolius ampelinus,hypocolius,hypocolius ampelinus
endemic to nigeria,it is found in nigeria,grey imperial pigeon,ducula pickeringii,grey imperial pigeon,ducula pickeringii
endemic,endemic,sonnerat's junglefowl,sonnerat's junglefowl,gray junglefowl,gallus sonneratii
this grouse,it is endangered,grey kestrel,falco ardosiaceus,grey kestrel,falco ardosiaceus
endemic to nigeria,nearra,the grey laughingthrush,garrulax maesi,grey laughingthrush,Garrulax maesi
it is a rare small forest - dwelling war -,"this war -bler, a sphingid",grey longbill,macrosphenus concolor,grey longbill,macrosphenus concolor
endemic to tyrannidae and is a single species,endemic to africa,grey monjita,nengetus cinereus,grey monjita,nengetus cinereus
it caprax jotaka,"this nightjar, is a small nightjar or",the grey nightjar,caprimulgus jotaka,grey nightjar,caprimulgus jotaka
and tit - tit - like - -,"""",the african penduline-tit,anthoscopus caroli,grey penduline tit,anthoscopus caroli
"""","and "" the "" means",grey petrel,procellaria cinerea,grey petrel,procellaria cinerea
endemic to the emberizian - guinea new,endemic to the island of the ibadan,the pileated finch,coryphospingus pileatus,coryphospingus pileatus,coryphospingus pileatus
it is called,endemic,grey pratincole,glareola cinerea,glareola cinerea,glareola cinerea
endemic to umba,island,grey seedeater,sporophila intermedia,grey seedeater,sporophila intermedia
it is called,endemic,grey sibia,heterophasia gracilis,grey sibia,heterophasia gracilis
"it, formerly a rare species of small bird in",endemic,grey silky-flycatcher,ptiliogonys cine,grey silky-flycatcher,ptiliogonys cinereus
endemic the gambia,"it is unknown, but a rare and a small",grey tit-flycatcher,myioparus plumbeus,grey tit-flycatcher,myioparus plumbeus
it is a treepie,"this species is a small, large, treepi",the himalayan treepie,dendrocitta formosae,grey treepie,dendrocitta formosae
"it is a small ground - dwelling ground -,",endemic,grey warbler-finch,certhidea fusca,grey warbler-finch,certhidea fusca
it is an endangered katydid katydid,endemic,the grey waxbill,glaucestrilda perre,grey waxbill or black-tailed waxbill,glaucestrilda perreini
endemic,endemic,grey wren-warbler,calamonastes simplex,grey wren-warbler,calamonastes simplex
endemic,endemic to nigeria,grey-and-buff woodpecker,hemicircus concretus,hemicircus concretus,hemicircus concretus
endemicus palmeri,islandeanus,the grey-and-gold tanager,poecilostreptus palmer,grey-and-gold tanager,poecilostreptus palmeri
tola clypeata,endemic to nigeria,grey-backed camaroptera,camaroptera brevicaudata,grey-backed camaroptera,camaroptera brevicaudata
it is albicellus,endemic,grey-backed fiscal,lanius excubitoroides,grey-backed fiscal,lanius excubitoroides
itus ) is a small asian ( laniidae,and ( ( formerly ) ( ( ( formerly ),grey-backed shrike,lanius tephronotus,grey-backed shrike,lanius tephronotus
it a small marine dwelling,endemic of the island,grey-backed storm petrel,garrodia nereis,grey-backed storm petrel,garrodia nereis
it is ciliatus,andiurus ) is a rare extinct tyran,the grey-backed tachuri,polystictus superciliaris,grey-backed tachuri,polystictus superciliaris
endemic,endemic,gray-backed tailorbird,orthotomus derbianus,gray-backed tailorbird,orthotomus derbianus
endemic,endemic,grey-backed thrush,turdus hortulorum,grey-backed thrush,turdus hortulorum
endemic,this species is endangered on the island,grey-banded mannikin,lonchura vana,grey-banded mannikin,lonchura vana
it is subnigra,endemic tuber,grey-bellied bulbul,idia cyaniventris,grey-bellied bulbul,ixodia cyaniventris
itillaris ) is a large nut ( a,: ( a ) ( tr ( family ) (,grey-bellied comet,taphrolesbia griseiven,taphrolesbia griseiventris,taphrolesbia griseiventris
it cacomantis,andornis passerinus is an asian cuckoo,the grey-bellied cuckoo,cacomantis passerinus,indian plaintive cuckoo,cacomantis passerinus
endemic to tanga,island riparia,grey-bellied flowerpiercer,diglossa carbonaria,grey-bellied flowerpiercer,diglossa carbonaria
endemic,endemic,accipiter poliogaster,accipiter poliogaster,grey-bellied hawk,accipiter poliogaster
endemic to microptera,islandpterus,grey-bellied shrike-ty,agriornis micropterus,grey-bellied shrike-tyrant,agriornis micropterus
it cinerascens cinereous a small,: a small bird a small furnariidae,ynallaxis cinerasc,ynallaxis cinerasc,grey-bellied spinetail,synallaxis cinerascens
,"it is called cyanochaeta, is a",grey-bellied tesia,tesia cyaniventer,grey-bellied tesia,tesia cyaniventer
itarisgularis,thisgularis is a rare endemic african forest bird,grey-breasted babbler,malacopteron albogulare,grey-breasted babbler,malacopteron albogulare
"endemic to rallidae rallidae, the",it,grey-breasted crake,laterallus exilis,laterallus exilis,laterallus exilis
and the hemileuca,islandipennis ) is an extinct ( possibly extinct,grey-breasted flycatcher,lathrotriccus griseipec,grey-breasted flycatcher,lathrotriccus griseipectus
to the western atlantic,this small chalybean species is a small,grey-breasted martin,progne chalybea,grey-breasted martin,progne chalybea
endemic and a vulnerable and endangered species,endemic endemic endemic endemic endemic endemic endemic endemic endemic endemic,igena hypoglauca,igena hypoglauca,andigena hypoglauca,andigena hypoglauca
it is an endangered species of the parrot family ari,endemic to the west african and central,grey-breasted parakeet,pyrrhura griseipec,grey-breasted parakeet,pyrrhura griseipectus
endemic,"endemic,",the grey-breasted partridge,arborophila orientalis,grey-breasted partridge,arborophila orientalis
it,"and a species of small woodland - bird, the",franklin's prinia,prinia hodgsonii,franklin's prinia,prinia hodgsonii
"it from the genus of the genus, and the",endemic to the tigris - saharan desert,grey-breasted sabrewing,campylopterus largipennis,grey-breasted sabrewing,campylopterus largipennis
endemicignyerianus orbignyi is endemic to,endemicion,grey-breasted seedsnipe,thinocorus orbignyianu,thinocorus orbignyianus,thinocorus orbignyianus
"endemic to africa modesta, is a rare african",and a rare butterfly,the grey-breasted spiderhunter,arachnothera modesta,grey-breasted spiderhunter,arachnothera modesta
nearoxys,thischelys is a rare endemic african tree wren,grey-breasted wood wren,henicorhina leucoph,henicorhina leucophrys,henicorhina leucophrys
it hypopolius,andricola ) is a rare endemic ( the,grey-breasted woodpecker,melanerpes hypopolius,grey-breasted woodpecker,melanerpes hypopolius
endemic - endangered - threatened - threatened - near threatened,endemic,pohnpei white-eye,osterops ponapensis,zosterops ponapensis,pohnpei white-eye
to the western atlantic,"endemic and an endangered species of bird, a vulnerable",melanesian cicadabird,edolisoma remotum,melanesian cicadabird,edolisoma remotum
endemic to the island of the portuguese madeira,endemic,grey-capped cuckoo,coccyzus lansberg,grey-capped cuckoo,coccyzus lansbergi
"it is a small forest - dwelling bird, a",endemic to the large tyrant - tailed tyrant,grey-capped flycatcher,myiozetetes granaden,grey-capped flycatcher,myiozetetes granadensis
"""",it,oriental greenfinch,chloris sinica,oriental greenfinch,oriental greenfinch (chloris sinica
endemic a small island of the family thraup,it is a thripid,grey-capped hemispingus,kleinothraupis re,kleinothraupis reyi,kleinothraupis reyi
it is semiglobato dendrocopus,genus † † canicapillus exilis the,picoides canicapillusdryo,picoides canicapillusdryo,picoides canicapillus dryobates,semicoronatus dendrocopus
,"endemic, itgo",grey-capped social weaver,pseudonigrita arnaudi,grey-capped social weaver,pseudonigrita arnaudi
"toxocapilla, a small - sized",island - dwelling tracheid,grey-capped tyrannule,phyllomyias grise,grey-capped tyrannulet,phyllomyias griseocapilla
it is called,endemic,grey-capped warbler,eminia lepida,grey-capped warbler,eminia lepida
endemic african forest - dwelling forest bulbul,it bulbul from the py genusotus,grey-cheeked bulbul,alophoixus tephrogen,alophoixus tephrogenys,alophoixus tephrogenys
to alppe morrisoni fulva,endemic fulva is endemic to the family alppe,morrison's fulvetta,morrison's fulvetta,grey-cheeked fulvetta or mor,alcippe morrisonia
endemic,endemic,grey-cheeked green pigeon,treron griseicauda,treron griseicauda,treron griseicauda
endemic to bu thecco - bucco,island,grey-cheeked nunlet,nonnula frontalis,nonnula frontalis,nonnula frontalis
"""","endemic """,fire-winged parakeet,brotogeris pyrrhoptera,brotogeris pyrrhoptera,brotogeris pyrrhoptera
it flavicollis,endemic localis is a rare endemic endemic to the,grey-cheeked tit-bab,mixornis flavicollis,grey-cheeked tit-babbler,mixornis flavicollis
androcinerus ),endemic to nigeria,grey-chested greenlet,hylophilus semicinereus,hylophilus semicinereus,hylophilus semicinereus
endemiciformis ) is a small nocturnal ( a,,grey-chinned hermit,phaethornis griseogul,grey-chinned hermit,paeethornis griseogularis
it solaris,endemic to nigeria,grey-chinned minivet,pericrocotus solaris,grey-chinned minivet,pericrocotus solaris
tothochaetus,endemicae africa,grey-chinned sunbird,anthreptes tephrola,grey-chinned sunbird,anthreptes tephrolaemus
endemic,"and the tyrannus major, a rare species",the grey-collared becard,pachyramphus major,becard,pachyramphus major
endemic to indonesia,it oriole oriole,seram oriole,oriolus forsteni,seram oriole,seram oriole
totemus is a rare bird and a tan,: the tanager family,grey-crested finch,lophospingus griseocristat,grey-crested finch,lophospingus griseocristatus
"endemic to the african vulture family, and is probably",endemic,gray-crested helmetshrike,prionops poliolophus,gray-crested helmetshrike,prionops poliolophus
it temporalis,"and temporalis is a rare endemic african bird,",grey-crowned babbler,pomatostomus temporalis,grey-crowned babbler,pomatostomus temporalis
andeangensis ) is a passerine bird,to a rare bird ( a thrip ( th,grey-crowned crocias,laniellus langbianis,grey-crowned crocias,laniellus langbianis
"itiophilus, is a small small african",and a small bird,grey-crowned flatbill,tolmomyias poli,grey-crowned flatbill or grey-,raeli flatbill is tolmomyias
it is the westernmost endemic native australian and asian,island,grey-crowned mannikin,lonchura nevermanni,grey-crowned mannikin,lonchura nevermanni
totemacula ) is a rare small bird,endemic african bird ( ( cisticoli ) here,grey-crowned prinia,prinia cinereocapilla,prinia cinereocapilla,prinia cinereocapilla
endemic,"endemic to the family, the palm - backed -",grey-crowned tanager,phaenicophilus polioce,grey-crowned tanager,phaenicophilus poliocephalus
and the cephalus,itphala,grey-crowned yellowthroat,geothlypis poliocephal,grey-crowned yellowthroat,geothlypis poliocephala
endemic,endemic phalachus,the grey-eared brushfinch,atlapetes melanolaemus,grey-eared brushfinch or black-faced,albino brushfinch
endemic,endemic,dark-brown honeyeater,lichmera incana,grey-eared honeyeater,ichmera incana
endemic african forest,is a small nocturnal bird in bulbul and the,grey-eyed bulbul,iole propinqua,grey-eyed bulbul,iole propinqua
endemic the african continent,it is unknown,grey-eyed greenlet,hylophilus amauroce,hylophilus amaurocephalus,hylophilus amaurocephalus
"""","it "" is it """,grey-faced buzzard,butastur indicus,buzzard,butastur indicus
it is unknown,this species,grey-faced petrel,pterodroma gould,grey-faced petrel,pterodroma gouldi
andropis kelleyi ) is a rare bird,endemic african bird ( a small timali ( here,grey-faced tit-babble,mixornis kelleyi,grey-faced tit-babbler,mixornis kelleyi
it oustaleti,endemic madagascar,grey-flanked cinclodes,cinclodes oustaleti,grey-flanked cinclodes,cinclodes oustaleti
endemic to nigeria,and the african white - fronted dove,grey-fronted dove,leptotila rufaxill,leptotila rufaxilla,leptotila rufaxilla
endemic to nigeria,it is found in nigeria,grey-fronted green pigeon,treron affinis,treron affinis,treron affinis
it istus ) is a rare small bird in,is ( formerly called the small titi,grey-fronted honeyeater,ptilotula plumula,grey-fronted honeyeater,ptilotula plumula
it is aiceps,endemiciceps,grey-fronted quail-dov,geotrygon caniceps,grey-fronted quail-dove,geotrygon caniceps
endemic,endemic to nigeria,grey-green fruit dove,ptilinopus purpurat,grey-green fruit dove,ptilinopus purpuratus
tobae ),islandicus ( formerly a rare genus of the family,grey-green scrubwren,aethomyias ar,grey-green scrubwren,aethomyias arfakianus
ittocephalus,endemicphalus is a rare small bird a small,tachyris poliocephal,tachyris poliocephal,grey-headed babbler,stachyris poliocephala
endemic,endemic,grey-headed batis,batis orientalis,grey-headed batis,batis orientalis
endemic and a vulnerable species of bulbul - like,endemic to the pycnonotid bulb,grey-headed bristlebill,bleda canicapillus,grey-headed bristlebill,bleda canicapillus
endemic,island,mithornis sharpei,mithornis sharpei,grey-headed broadbill,smithornis sharpei
it is a rare african forest bulbul,endemic and a vulnerable family pycnonot,grey-headed bulbul,brachypodius prioce,grey-headed bulbul,brachypodius priocephalus
"itytheca, a rare forest - dwelling","endemic tree finch, a small fringiform fr",grey-headed bullfinch,pyrrhula erytha,grey-headed bullfinch,pyrrhula erythaca
"and the other two are a subspecies, where the",it is the same tropic - tailed long,the ghostbird,malaconotus blanchoti,grey-headed bushshrike,malaconotus blanchoti
endemic,endemic,the grey-headed chachalaca,ortalis cinereiceps,grey-headed chachalaca,mortalis cinereiceps
endemic,endemic,grey-headed dove,leptotila plumbeice,leptotila plumbeiceps,leptotila plumbeiceps
it phocatus,nearcticus is a large fish - eating is,grey-headed fish eagle,haliaeetus ichth,grey-headed fish eagle,haliaeetus ichthyaetus
andrigastrus ) is a raregas,endemic endemic to nigeria a ( family cardinal ( family,grey-headed fruit dove,ptilinopus hyog,grey-headed fruit dove,ptilinopus hyogastrus
endemic,"endemic and moderately - sized, large - sized small",accipiter poliocephal,accipiter poliocephal,grey-headed goshawk,accipiter poliocephalus
endemic - to nigeria,- nigeria,grey-headed yellow-bellied greenbul,phyllastrephus polio,grey-headed greenbul,pycnonotus poliocephalus
and the falcataria is a rare small,island - dwelling bird in the family of the same,grey-headed imperial pigeon,ducula radiata,grey-headed imperial pigeon,ducula radiata
"it is the same as the nigeria, north and","african, northern and central arabia, north to the",grey-headed kingfisher,halcyon leucocephal,halcyon leucocephala,halcyon leucocephala
itantus canus,endemic canus to the small island of a nearby,madagascar lovebird,agapornis canus,Madagascar lovebird,agapornis canus
it is a small endemic australian forest - dwelling finch,on the island of the same name the burs,grey-headed mannikin,lonchura caniceps,grey-headed mannikin or grey-headed,lonchura caniceps
toucalla,,nigrita canicapillus,nigrita canicapillus,grey-headed nigrita,nigrita canicapillus
it,to the olive - backed oliveback and the african,the grey-headed oliveback,delacourella capistrata,delacourella capistrata,delacourella capistrata
it slat and the black - headed wood -,: the two are considered a sometimes separate combined species,grey-headed parakeet,psittacula finschii,grey-headed parakeet,psittacula finschii
it is a small bird from the philippines andphon,endemic,grey-headed parrotbill,psittiparus gulari,grey-headed parrotbill,psittiparus gularis
this the same species of bird which has been a,endemic and a threatened bird,grey-headed piprites,griseiceps,grey-headed piprites,piprites griseiceps
,endemic to nigeria,grey-headed robin,heteromyias cinereifrons,grey-headed robin,heteromyias cinereifrons
endemic,and the lemur,grey-headed spinetail,cranioleuca semicinerea,grey-headed spinetail,craniocranioleuca semicinerea
near - threatened and a endangered bird,it is a small forest - dwelling tree in the,grey-headed tanager,eucometis penicill,grey-headed tanager,eucometis penicillata
endemic,and the wood - sided woodcock,grey-headed woodpecker,picus canus,picus canus,picus canus
it is a small bird in the family tyran,"and tyrannidae, the tyrant - like birds",grey-hooded attila,attila rufus,attila rufus,attila rufus
it is a small a small endangered species of bird,endemic tree - dwelling plant,grey-hooded bush tanager,cnemoscopus rubriros,grey-hooded bush tanager,cnemoscopus rubrirostris
endemic rufiventris,onagrus ),grey-hooded flycatcher,mionectes rufiventris,grey-hooded flycatcher,mionectes rufiventris
endemic,on the island of lagos,grey-hooded sierra finch,phrygilus gayi,grey-hooded sierra finch,phrygilus gayi
endemic,endemic,grey-hooded white-eye,heleia pinaiae,heleia pinaiae,heleia pinaiae
least grey is a very large grey - brown bird,"this small bird, of which the large grey or",the greyish eagle-owl,bubo cinerascens,vermiculated eagle-owl,vermiculated eagle-owl
endemic to nigeria,it is the same species,greyish miner,geositta maritima,geositta maritima,geositta maritima
endemic to nigeria,this tragodyte species is a rare small,greyish mourner,rhytipterna simplex,greyish mourner,rhytipterna simplex
it is a small genus limninae and the,that is a small forest - dwelling picidae,the greyish piculet,picumnus granadensis,piculet,picumnus granadensis
and the scientific malimbe is the same,it is malimbe,greyish saltator,osceles saltator,greyish saltator,saltator australis
to a large goose family anatidae,endemic anatidae,er anser,er anser,greylag goose,greylag goose
"it is a small, dark - coloured, brightly","""",the gray-legged tinamou,crypturellus duidae,crypturellus duidae,crypturellus duidae
endemicickii ) is a rare african wren (,it ( ( family ) ( ( aemi ),grey-mantled wren,odontorchilus branicki,grey-mantled wren,odontorchilus branickii
endemicosucha,andeana,grey-naped antpitta,grallaria griseonucha,grey-naped antpitta,grallaria griseonucha
endemic,endemic,grey-necked bunting,emberiza buchanani,emberiza bunting,emberiza buchanani
it a large - sized bird in picardy,endemic to france,grey-necked rockfowl,picathartes oreas,picathartes oreas,picathartes oreas
endemic,endemic,grey-olive bulbul,phyllastrephus cervin,grey-olive greenbul,pycnonotus cerviniventris
on the island of saloum,endemic to the griseopyga,grey-rumped swallow,pseudohirundo griseopyg,grey-rumped swallow,pseudhirundo griseopyga
and rum swiftlet,endemic swiftlet,grey-rumped swiftlet,collocalia marginata,collocalia marginata,collocalia marginata
toucanica,endemicipennise,grey-rumped treeswift,hemiprocne longipen,grey-rumped treeswift,hemiprocne longipennis
"it, it, and the african bush war -",this bush - like bird,grey-sided bush warbler,cettia brunnifrons,grey-sided bush warbler,cettia brunnifrons
"touabium, a rare endemic african bird",it a rare bird a rare antheid bird,grey-sided flowerpecker,dicaeum celebicum,grey-sided flowerpecker,dicaeum celebicum
endemic to sw,endemic to sw,grey-sided scimitar babbler,erythrogenys swinho,grey-sided scimitar babbler,erythrogenys swinhoei
endemic to nigeria,this species is a rare species of small forest thru,grey-sided thrush,turdus feae,grey-sided thrush,turdus feae
this species is an uncommon small leaf - tailed -,it is an old world leafcatcher andrid,grey-streaked flycatcher,muscicapa griseisticta,grey-streaked flycatcher or grey-,potted flycatcher is muscicapa
to the birds belonging to the genus,this,the black-backed honeyeater,ptiloprora perstriata,ptiloprora perstriata,ptiloprora perstriata
it,this species is an endemic to nigeria,the grey-tailed mountaingem,lampornis cinereicauda,lampornis cinereicauda,lampornis cinereicauda
it is a rare small forest dwelling forest in the,endemic,tachyris nigriceps,tachyris nigriceps,grey-throated babbler,stachyris nigriceps
endemic to a region called the babiidae a,it is a small finch,grey-throated barbet,Gymnobucco bonapartei,grey-throated barbet,gymnobucco bonapartei
": the bird in the cardinal, the cardinal,",endemic to africa,grey-throated chat,granatellus sallaei,grey-throated chat,granatellus sallaei
it is ungulatus,"endemicgularis, is a rare african forest un",clerurus albigularis,clerurus albigularis,grey-throated leaftosser,sclerurus albigularis
it is riparia chinensis,,asian plain martin,riparia chinensis,grey-throated martin or asian plain,riparia chinensis
"endemic to the african rail, the only living species",it is the only living species,grey-throated rail,canirallus oculeus,grey-throated rail,canirallus oculeus
"itolusus bicolor, a rare small",endemic african forest - dwelling muscid,grey-throated tit-fly,myioparus griseigulari,grey-throated tit-flycatcher,myioparus griseigularis
endemic to the island of reunion,endemichouii is a rare endemic,grey-winged blackbird,turdus boulboul,turdus boulboul,turdus boulbouli
it is condicus,endemic,grey-winged cotinga,lipaugus conditus,grey-winged cotinga,lipaugus conditus
endemic african bird,that small family and its distribution is its zop,the grey-winged inca finch,incaspiza ortizi,grey-winged inca finch,incaspiza ortizi
: sheppardioptera,,sheppardia polioptera,sheppardia polioptera,grey-winged robin-chat,sheppardia polioptera
it is a small bird in a small africana,endemic to a small area,grey-winged trumpeter,psophia crepitans,grey-winged trumpeter,psophia crepitans
this trawl,it is a small marine dwelling marine snail,grimwood's longclaw,macronyx grimwoodi,grimwood's longclaw,macronyx grimwoodi
"it is an african forest bird, with a very",,crotophaga sulciro,crotophaga sulciro,groove-billed ani,crotophaga sulcirostris
,it in the northern territory,ground cuckoo-shrike,coracina maxima,ground cuckoo-shrike,coracina maxima
"endemic to the americas, the other being andean",least flicker and tit - like - tailed long,ground woodpecker,one of only three ground-dwelling wood,ground woodpecker,geocolaptes olivaceus
"and the small - sized, passerine, an","it is the large, verypid",eastern riflebird,ptiloris intercedens,growling riflebird,ptiloris intercedens
"endemic to the family finchidae, finches in",endemic,guadalcanal dwarf king,ceyx nigromaxilla,guadalcanal dwarf kingfisher,ceyx nigromaxilla
totilata lata ) ( a small to,endemic to the family ( including the island of the,guadalcanal honeyeater,guadalcanaria inexpe,guadalcanal honeyeater,guadalcanal honeyeater
endemic,endemic,guadalcanal thrush,oothera turipavae,guadalcanal thrush,zoothera turipavae
it is a small marine dwelling marine creature,endemic,ynthliboramphus hypoleu,ynthliboramphus hypoleu,guadalupe murrelet,synthliboramphus hypoleucus
endemic to brazil,it is very closely to lovebirds ( agama,guaiabero,bolbopsittacus,guaiabero,bolbopsittacus lunulatus
endemic,endemic,guaiquinima whitestart,myioborus cardonai,guaiquinima whitestart,myioborus cardonai
endemic,"endemic hornbill, an extinct",guam broadbill,myiagra freycineti,guam flycatcher,myiagra freycineti
and ) is a endemic to the island,it is an endemic and the united states ( the,guam kingfisher,todiramphus cinnamominus,guam kingfisher,todiramphus cinnamominus
""" the american """,to the island of the same name,ko'ko' bird,guam rail,guam rail,hypotaenidia owstoni
it cobanense,endemic guatemala,guatemalan pygmy,glaucidium cobanense,guatemalan pygmy owl,glaucidium cobanense
endemic to guatemala and a very small tarsier or,this,paltry tyrannulet,zimmerius vilissimus,zimmerius vilissimus,tyrannulet
endemic and a protected species in amazonas,endemic picinae,guayaquil woodpecker,campephilus gayaquilens,guayaquil woodpecker,campephilus gayaquilensis
"itanensis is a rare tropical forest bird,",endemic,guianan gnatcatcher,polioptila guianensis,guianan gnatcatcher,polioptila guianensis
"it is a small tropical forest of puffbirds,",endemic,harchus macrorhynchos,notharchus macrorhyncho,guianan puffbird,notharchus macrorhynchos
it is a rare endemic to the family coting,what the genus of cotinga means and the family,guianan red cotinga,phoenicircus carnifex,guianan red cotinga,phoenicircus carnifex
it is probably : olivacea,to the guianas,guianan schiffornis,schiffornis olivacea,guianan schiffornis or oliv,schiffornis olivacea
"it,",endemic,elenidera piperivora,elenidera piperivora,guyana toucanet,selenidera piperivora
it is a small forest dwelling bird in the small,endemic to the guianan family trogoogon,guianan trogon,trogon violaceus,guianan trogon,trogon violaceus
toxus,: troides,guianan woodcreeper,lepidocolaptes albolineatus,guianan woodcreeper,lepidocolaptes albolineatus
,it occurs in the tropical and subtropical and subtropical -,guira cuckoo,guira cuckoo,guira cuckoo,guira guira
endemic to the african region of the sahara,this species of bird is a small passerine,white-winged redstart,phoenicurus erythrogas,güldenstädt's redstart,phoenicurus erythrogastrus
near a tree,in the language of nigeria,gurney's eagle,aquila gurneyi,gurney's eagle,aquila gurneyi
endemic to thailand,it is found in thailand,gurney's pitta,hydrornis gurneyi,gurney's pitta,hydrornis gurneyi
"west african and a large, high - altitude grassy",it prefers open silted and high - altitude,gurney's sugarbird,promerops gurneyi,gurney's sugarbird,promerops gurneyi
"""",and the grizzly,gyrfalcon,falco rusticolus,gyrfalcon,falco rusticolus
